alias,os,level,group
client14dsy,windows,other,other
client14xdsy,windows,other,other
cmibuild1dsy,windows,other,other
dell1843dsy,windows,R424,replay
dell1883dsy,windows,other,other
dell1963dsy,windows,other,other
dell3353dsy,windows,R422,replay
dell3354dsy,windows,R422,replay
dell3355dsy,windows,R422,replay
dell3356dsy,windows,R422,replay
dell3357dsy,windows,R422,replay
dell3358dsy,windows,R422,replay
dell3359dsy,windows,R422,replay
dell3360dsy,windows,R422,replay
dell3361dsy,windows,R422,replay
dell3364dsy,windows,R422,replay
dell3365dsy,windows,R422,replay
dell3366dsy,windows,R422,replay
dell3367dsy,windows,R422,replay
dell3368dsy,windows,R422,replay
dell3369dsy,windows,R422,replay
dell3370dsy,windows,other,other
eno24adsy,windows,other,other
eno24bdsy,windows,other,other
eno24cdsy,windows,other,other
eno24dsy,windows,other,other
enojarnacdsy,windows,other,other
enoprj2016dsy,windows,other,other
enowinb001dsy,windows,R423,preint_build
enowinb002dsy,windows,R423,prj_build
enowinb003dsy,windows,other,other
enowinb004dsy,windows,other,other
enowip01dsy,windows,other,other
enowip02dsy,windows,other,other
enowip03dsy,windows,other,other
enowip04dsy,windows,other,other
enowip05dsy,windows,other,other
enowip06dsy,windows,other,other
enowip07dsy,windows,other,other
enowip08dsy,windows,other,other
enowip09dsy,windows,other,other
enowip10dsy,windows,other,other
enowip11dsy,windows,other,other
enowip12dsy,windows,other,other
enowip13dsy,windows,other,other
enowip14dsy,windows,other,other
enowip15dsy,windows,other,other
infra14xdsy,windows,other,other
infra15dsy,windows,other,other
lagon3dsy,linux,other,other
lin002dsy,linux,other,other
lin010dsy,linux,other,other
lin011dsy,linux,other,other
lin012dsy,linux,R424,preint_build
lin020dsy,linux,other,other
lin023dsy,linux,other,other
lin024dsy,linux,other,other
lin025dsy,linux,other,other
lin027dsy,linux,other,other
lin034dsy,linux,other,other
linb003dsy,linux,other,other
linb009dsy,linux,other,other
linb011dsy,linux,other,other
linb026dsy,linux,other,other
linb030dsy,linux,other,other
linb031dsy,linux,other,other
pool01dsy,linux,other,other
pool03dsy,linux,other,other
pool08dsy,windows,other,other
pool09dsy,windows,other,other
pool10dsy,windows,other,other
pool11dsy,windows,other,other
pool12dsy,windows,other,other
pool13dsy,windows,other,other
pool14dsy,windows,other,other
pool15dsy,windows,other,other
pool23dsy,windows,other,other
pool24dsy,windows,other,other
pool26dsy,windows,other,other
pool27dsy,windows,other,other
pool28dsy,windows,other,other
pool29dsy,windows,other,other
pool30dsy,windows,other,other
pool31dsy,windows,other,other
pool32dsy,windows,other,other
pool33dsy,windows,other,other
pool34dsy,windows,other,other
pool35dsy,windows,other,other
pool36dsy,windows,other,other
pool37dsy,windows,other,other
pool38dsy,windows,other,other
pool39dsy,windows,other,other
pool40dsy,windows,other,other
pool43dsy,windows,other,other
pool44dsy,windows,other,other
pool45dsy,windows,other,other
pool46dsy,windows,other,other
pool47dsy,windows,other,other
pool48dsy,windows,other,other
pool49dsy,windows,other,other
pool50dsy,windows,other,other
pool51dsy,windows,other,other
pool52dsy,windows,other,other
pool53dsy,windows,other,other
pool55dsy,windows,other,other
pool56dsy,windows,other,other
pool59dsy,windows,other,other
pool60dsy,windows,other,other
preint2017xdsy,windows,other,other
ssdclient15xdsy,windows,other,other
ssdhwip001dsy,windows,R424,preint_build
ssdhwip002dsy,windows,R424,prj_build
ssdhwip003dsy,windows,other,other
ssdhwip004dsy,windows,other,other
ssdhwip005dsy,windows,other,other
ssdhwip006dsy,windows,other,other
ssdhwip007dsy,windows,R422,preint_build
ssdhwip008dsy,windows,R422,prj_build
ssdhwip009dsy,windows,other,other
ssdhwip010dsy,windows,other,other
ssdhwip011dsy,windows,other,other
ssdhwip012dsy,windows,other,other
ssdhwip013dsy,windows,other,other
ssdhwip014dsy,windows,other,other
ssdhwip015dsy,windows,other,other
ssdhwip016dsy,windows,other,other
ssdhwip017dsy,windows,other,other
ssdhwip018dsy,windows,other,other
ssdhwip019dsy,windows,other,other
ssdhwip020dsy,windows,other,other
ssdhwip021dsy,windows,other,other
ssdhwip022dsy,windows,other,other
ssdhwip023dsy,windows,other,other
ssdhwip024dsy,windows,other,other
ssdhwip025dsy,windows,other,other
ssdinfra15xdsy,windows,other,other
ssdprj2017xdsy,windows,other,other
ssdwip001dsy,windows,other,other
ssdwip002dsy,windows,other,other
ssdwip003dsy,windows,other,other
ssdwip004dsy,windows,other,other
ssdwip005dsy,windows,other,other
ssdwip007dsy,windows,other,other
ssdwip008dsy,windows,other,other
ssdwip009dsy,windows,other,other
ssdwip017dsy,windows,other,other
ssdwip020dsy,windows,other,other
ssdwip021dsy,windows,other,other
ssdwip022dsy,windows,other,other
ssdwip023dsy,windows,other,other
ssdwip024dsy,windows,other,other
vmyme002dsy,linux,other,other
vmyme004dsy,linux,other,other
vmyme005dsy,linux,other,other
vmyme006dsy,linux,other,other
vmyme007dsy,linux,other,other
vmyme008dsy,linux,other,other
vmyme009dsy,linux,other,other
vmyme010dsy,windows,other,other
vmyme011dsy,linux,other,other
vmyme012dsy,linux,other,other
vmyme013dsy,linux,other,other
vmyme014dsy,linux,other,other
vmyme015dsy,linux,other,other
vmyme016dsy,linux,other,other
vmyme017dsy,linux,other,other
vmyme018dsy,linux,other,other
vmyme019dsy,linux,other,other
vmyme01dsy,linux,other,other
vmyme020dsy,linux,other,other
vmyme02dsy,linux,other,other
wip093dsy,windows,other,other
wip094dsy,windows,other,other
wip095dsy,windows,other,other
wip096dsy,windows,other,other
wip097dsy,windows,other,other
wip102dsy,windows,other,other
wip103dsy,windows,other,other
wip105dsy,linux,other,other
wip106dsy,windows,other,other
wip107dsy,windows,other,other
wip112dsy,windows,other,other
wip113dsy,windows,other,other
wip114dsy,windows,other,other
wip115dsy,windows,other,other
wip117dsy,windows,other,other
wip118dsy,windows,other,other
wip121dsy,windows,other,other
wip122dsy,windows,other,other
wip123dsy,windows,other,other
wip124dsy,windows,other,other
wip125dsy,windows,other,other
wip126dsy,windows,other,other
wip128dsy,windows,other,other
wip131dsy,windows,other,other
wip133dsy,windows,other,other
wip134dsy,windows,other,other
wip135dsy,windows,other,other
wip136dsy,windows,other,other
wip137dsy,windows,other,other
wip138dsy,windows,other,other
wip139dsy,windows,other,other
wip140dsy,linux,other,other
wip141dsy,windows,other,other
wip142dsy,windows,other,other
wip144dsy,windows,other,other
wip146dsy,windows,other,other
wip147dsy,windows,other,other
wip148dsy,windows,other,other
wip149dsy,windows,other,other
wip150dsy,windows,other,other
wip152dsy,windows,other,other
wip153dsy,windows,other,other
wip154dsy,windows,other,other
wip155dsy,windows,other,other
wip156dsy,windows,other,other
wip160dsy,windows,other,other
wip161dsy,windows,other,other
wip163dsy,windows,other,other
wip164dsy,windows,other,other
wip165dsy,windows,other,other
wip166dsy,windows,other,other
wip167dsy,windows,other,other
wip168dsy,windows,other,other
wip170dsy,windows,other,other
wip173dsy,windows,other,other
wip174dsy,windows,other,other
wip176dsy,windows,other,other
wip177dsy,windows,other,other
wip178dsy,windows,other,other
wip179dsy,windows,other,other
wip181dsy,windows,other,other
wip182dsy,windows,other,other
wip183dsy,windows,other,other
wip184dsy,windows,other,other
wip185dsy,windows,other,other
wip186dsy,windows,other,other
wip187dsy,windows,other,other
wip188dsy,windows,other,other
wip189dsy,windows,other,other
wip191dsy,linux,other,other
wip192dsy,windows,other,other
wip193dsy,windows,other,other
wip196dsy,windows,other,other
wip197dsy,windows,other,other
wip198dsy,windows,other,other
wip199dsy,windows,other,other
wip200dsy,windows,other,other
wip201dsy,windows,other,other
wip202dsy,linux,other,other
wip203dsy,windows,other,other
wip204dsy,windows,other,other
wip205dsy,windows,other,other
wip207dsy,windows,other,other
wip208dsy,windows,other,other
wip210dsy,windows,R424,replay
wip211dsy,linux,other,other
wip212dsy,windows,R424,replay
wip213dsy,windows,R424,replay
wip214dsy,windows,R424,replay
wip215dsy,windows,R424,replay
wip216dsy,windows,other,other
wip218dsy,linux,R422,prj_build
wip219dsy,windows,R424,replay
wip220dsy,windows,other,other
wip222dsy,windows,other,other
wip230dsy,windows,other,other
wip233dsy,windows,R424,replay
wip234dsy,windows,R424,replay
wip237dsy,windows,R424,replay
wip238dsy,windows,R424,replay
wip239dsy,windows,R424,replay
wip241dsy,windows,R424,replay
wip242dsy,windows,R424,replay
wip243dsy,windows,other,other
wip244dsy,windows,other,other
wip245dsy,windows,other,other
wip246dsy,windows,other,other
wip247dsy,windows,other,other
wip248dsy,windows,other,other
wip249dsy,windows,other,other
wip250dsy,windows,other,other
wip251dsy,windows,other,other
wip252dsy,linux,R424,prj_build
wip254dsy,windows,other,other
wip255dsy,windows,other,other
wip256dsy,windows,other,other
wip257dsy,windows,other,other
wip258dsy,windows,other,other
wip259dsy,windows,other,other
wip261dsy,windows,other,other
wip262dsy,windows,other,other
wip263dsy,windows,other,other
wip264dsy,windows,other,other
wip265dsy,windows,other,other
wip266dsy,windows,other,other
wip267dsy,windows,other,other
wip270dsy,windows,other,other
wip277dsy,windows,other,other
wip278dsy,windows,other,other
wip279dsy,windows,other,other
wip280dsy,linux,other,other
wip281dsy,linux,other,other
wip282dsy,linux,other,other
wip284dsy,windows,other,other
wip285dsy,windows,R423,replay
wip300dsy,windows,other,other
wip302dsy,windows,other,other
wip303dsy,windows,other,other
wip304dsy,linux,R423,prj_build
wip305dsy,windows,other,other
wip310dsy,windows,other,other
wip311dsy,windows,R423,replay
wip312dsy,windows,other,other
wip313dsy,windows,other,other
wip314dsy,windows,other,other
wip315dsy,windows,other,other
wip316dsy,windows,other,other
wip317dsy,windows,other,other
wip318dsy,windows,other,other
wip319dsy,windows,other,other
wip320dsy,windows,other,other
wip322dsy,windows,other,other
wip323dsy,windows,other,other
wip324dsy,linux,R422,preint_build
wip325dsy,linux,other,other
wip326dsy,windows,R423,replay
wip327dsy,windows,R423,replay
wip328dsy,windows,R423,replay
wip329dsy,windows,R423,replay
wip330dsy,windows,R423,replay
wip331dsy,windows,R423,replay
wip332dsy,windows,R423,replay
wip333dsy,windows,R423,replay
wip334dsy,windows,R423,replay
wip335dsy,windows,other,other
wip336dsy,windows,other,other
wip337dsy,windows,other,other
wip338dsy,windows,other,other
wip339dsy,windows,R423,replay
wip340dsy,windows,R423,replay
wip341dsy,linux,other,other
wip342dsy,windows,R423,replay
wip343dsy,windows,other,other
wip344dsy,windows,R423,replay
wip345dsy,windows,other,other
wip346dsy,windows,other,other
wip347dsy,windows,other,other
wip348dsy,windows,other,other
wip350dsy,windows,other,other
wip351dsy,windows,other,other
wip352dsy,windows,other,other
wip353dsy,windows,other,other
wip354dsy,windows,other,other
wip355dsy,windows,other,other
wip356dsy,windows,other,other
wip357dsy,windows,other,other
wip358dsy,windows,other,other
wip359dsy,windows,other,other
wip360dsy,windows,other,other
wip361dsy,windows,R424,replay
wip363dsy,windows,other,other
wip370dsy,windows,other,other
wipb172dsy,linux,other,other
